<?xml version="1.0" encoding="UTF-8"?>
<skin name="Tron-Style-Red" author="Aliensqueakytoy" type="n64">

	<background name="Tron-Style" image="Input-display-2.png" />

    <button name="a" image="RealAbutton.png" x="200" y="71" width="30" height="30" />
    <button name="b" image="Abutton.png" x="177" y="35" width="30" height="30" />
    <button name="z" image="Z highlight.png" x="112" y="88" width="53" height="16" />
    <button name="start" image="StartButton.png" x="122" y="24" width="30" height="30" />

    <button name="cup" image="Cbutton.png" x="266" y="30" width="26" height="26" />
    <button name="cdown" image="Cbutton.png" x="267" y="79" width="26" height="26" />
    <button name="cleft" image="Cbutton.png" x="240" y="55" width="28" height="26" />
    <button name="cright" image="Cbutton.png" x="291" y="55" width="26" height="26" />m

    <button name="r" image="R button-01.png" x="186" y="8" width="86" height="13" />

    <stick xname="stick_x" yname="stick_y" image="joystick2.png"
           x="24" y="31" width="50" height="50" xrange="35" yrange="35" />
</skin>
